sku,name,imageURL,roomCategory,itemCategory,brand,dimension,weight,colour,material,manufacturingCountry,arrivalDate,quantity,price,discount,warranty,orderVolume
BRBF0001,Solid Wood Bedframe -Queen,https://www.furnituredirect.com.my/wp-content/uploads/2024/09/PICTURES-EMERY-BED-.jpg,Bedroom,Bed frame,ELK,W157 x L199 x H100cm,80kg,Brown,Solid rubberwood,Malaysia,2024-12-17,10,RM2097.00,0.1,3 years,6
BRBF0002,MOGAN Solid Wood Queen Size Bed Frame-Light Walnut,https://www.furnituredirect.com.my/wp-content/uploads/2024/10/MOGAN-BED-4.jpg,Bedroom,Bed frame,MOOD,W161 x L202 x H107cm,80kg,Brown,Solid rubberwood ,Malaysia,2024-12-17,10,RM1550.00,0.1,3 years,5
BRBF0003,VENICE Metal Queen Size Bed Frame-Black,https://www.furnituredirect.com.my/wp-content/uploads/2023/01/VENICE-QUEEN-BLACK.jpg,Bedroom,Bed frame,GUB,W153 x L197 x  H115cm,80kg,Black,Metal tube material with powder epoxy coating,Malaysia,2024-12-17,10,RM1080.00,0.1,3 years,2
BRBF0004,MIYA91-6 RELAX MDF Material King Size Bedframe-White,https://www.furnituredirect.com.my/wp-content/uploads/2021/04/miya91-6.jpg,Bedroom,Bed frame,RELAX,W198.5 x L199 x H102.5 cm,100kg,White,Solid MDF with painted finishing,Malaysia,2024-12-17,10,RM2430.00,0.1,3 years,3
BRBF0005,CLOUD King Size Divan Bed Frame-White Fleece,https://www.furnituredirect.com.my/wp-content/uploads/2024/08/ADS-POST-CLOUD-SOFA.jpg,Bedroom,Bed frame,FURNITURE DIRECT,W183 x  L207 x H108cm,90kg,White,Solid wood frame with Fleece fabric,Malaysia,2024-12-17,10,RM1032.00,0.1,3 years,8
BRBT0001,JERWIN Storage Bedside Table-Beige,https://www.furnituredirect.com.my/wp-content/uploads/2024/12/JERWIN-BEDSIDE-3.jpg,Bedroom,Bedside Table,KS,W49 x D37 x H46cm,20kg,Beige,melamine board with fabric,Malaysia,2024-12-17,10,RM495.00,0.1,3 years,3
BRBT0002,SAMIRE 2 Drawer Bedside Table-Oak+White,https://www.furnituredirect.com.my/wp-content/uploads/2024/11/POTRAIT-ADS-MALINE-.jpg,Bedroom,Bedside Table,WANG LIN,W48 x D41 x H50cm,25kg,Oak,MDF and solid rubberwood,China,2024-12-17,10,RM510.00,0.1,3 years,1
BRBT0003,LUCENIA 1 Door Side Table-Ivory,https://www.furnituredirect.com.my/wp-content/uploads/2024/11/3-18.jpg,Bedroom,Bedside Table,MOOD,W45 x D40 x H51cm,20kg,White,Solid wood frame with synthetic rattan features,Malaysia,2024-12-17,10,RM627.00,0.1,3 years,8
BRBT0004,ZETA 1 Drawer Bedside-Walnut,https://www.furnituredirect.com.my/wp-content/uploads/2024/08/ZETA-BEDSIDE-3.jpg,Bedroom,Bedside Table,MOOD,W50 x D43 x H57cm,18kg,Brown,MDF board with solid wood legs,Malaysia,2024-12-17,10,RM686.00,0.1,3 years,3
BRBT0005,CARSON Solid Wood Legs Side Table-Walnut,https://www.furnituredirect.com.my/wp-content/uploads/2024/02/CARSON-SIDE-TABLE-2.jpg,Bedroom,Bedside Table,BW Furniture,W39 x D39 x H52cm,20kg,Brown,Partical board and solid rubberwood,Malaysia,2024-12-17,10,RM291.00,0.1,3 years,0
BRWD0001,ELENIE 3 Door Soft Closing Wardrobe-Oak+Grey,https://www.furnituredirect.com.my/wp-content/uploads/2024/07/ELENIE-3D-OAK-1.jpg,Bedroom,Wardrobe,BW Furniture,W120 x D50 x H205cm,70kg,White,12mm Particle board ,Malaysia,2024-12-17,10,RM606.00,0.1,3 years,1
BRWD0002,ALVA 120CM 3 Door 2 Drawers Wardrobe With Key Lock-White,https://www.furnituredirect.com.my/wp-content/uploads/2024/07/ALVA-WARDROBE-1-1024x1024.jpg,Bedroom,Wardrobe,Sleek Living,W120 x D42 x H180cm,80kg,White,Particle board ,Malaysia,2024-12-17,10,RM885.00,0.1,3 years,6
BRWD0003,TIARA 8×8 Feet Half Froster Glass Sliding Door Wardrobe-3 White,https://www.furnituredirect.com.my/wp-content/uploads/2022/06/tiara-3139-8x8-white-2.jpg,Bedroom,Wardrobe,INFINITE,W243 x D59 x H243cm,120kg,White,Aluminium Material and paper foil lamination,Malaysia,2024-12-17,10,RM3651.00,0.1,3 years,7
BRWD0004,ECLIPSE 2 Door Wardrobe-Oak,https://www.furnituredirect.com.my/wp-content/uploads/2022/03/ecplise-wardrobe-1.jpg,Bedroom,Wardrobe,GUB,L80 x D53 x H180cm,75kg,Oak,Particle board,Malaysia,2024-12-17,10,RM1190.00,0.1,3 years,6
BRWD0005,DUBLIN 2 Door Shelves Cabinet Wardrobe-Oak,https://www.furnituredirect.com.my/wp-content/uploads/2024/11/PICTURES-352038.jpg,Bedroom,Wardrobe,HOOM,W60 x D47 x H178cm,55kg,Oak,Particle board,Malaysia,2024-12-17,10,RM513.00,0.1,3 years,2
BRCD0001,SHERRY 6 Drawer Chest-White,https://www.furnituredirect.com.my/wp-content/uploads/2024/07/SHERRY-6D-3.jpg,Bedroom,Chest of Drawers,ELVINA HOME,L140 x D45 x H76cm,60kg,White,Particle board,Malaysia,2024-12-17,10,RM1137.00,0.1,3 years,6
BRCD0002,KALMAL 4 Drawers Chest-Wotan Oak,https://www.furnituredirect.com.my/wp-content/uploads/2024/07/KALMAL-86.jpg,Bedroom,Chest of Drawers,RELAX,W80 x D40 x H119cm,30k,Oak,Particle board,Malaysia,2024-12-17,10,RM1035.00,0.1,3 years,5
BRCD0003,VESTA Premium Grade 6 Drawer Chest-White,https://www.furnituredirect.com.my/wp-content/uploads/2024/03/VESTA-6D-CD04-0045-1.jpg,Bedroom,Chest of Drawers,FLEX,L120 x D40 x H80cm,50kg,Oak,Full particle board,Malaysia,2024-12-17,10,RM600.00,0.1,3 years,3
BRCD0004,GENOA 5 Drawer Chest-Walnut,https://www.furnituredirect.com.my/wp-content/uploads/2024/03/GENOA-4.jpg,Bedroom,Chest of Drawers,MONZEN HOME,L80 x D40 x H123cm,65kg,Walnut,Full particle board,Malaysia,2024-12-17,10,RM1470.00,0.1,3 years,8
BRCD0005,AFFIN 4 Drawer Chest-Cement Grey,https://www.furnituredirect.com.my/wp-content/uploads/2024/03/AFFIN-4D-4.jpg,Bedroom,Chest of Drawers,ELVINA HOME,W76 x D40 x H82cm,40kg,Grey,Full particle board,Malaysia,2024-12-17,10,RM459.000,0.1,3 years,7
BRDT0001,ALEEZA Glossy Ceramic Top Dressing Table Set,https://www.furnituredirect.com.my/wp-content/uploads/2023/11/DS302.jpg,Bedroom,Dressing table,WLS,L101 x D40 x H130 cm,80kg,White,"Steel leg, clossy ceramic top and LED mirror",China,2024-12-17,10,RM2080.00,0.1,3 years,9
BRDT0002,MIYA96 RELAX MDF Material Dressing Table With Stool-White,https://www.furnituredirect.com.my/wp-content/uploads/2021/04/miya96-1.jpeg,Bedroom,Dressing table,RELAX,L80 x W77.5 x H47.5 cm,90kg,White,Solid MDF with painted finishing,Malaysia,2024-12-17,10,RM2370.00,0.1,3 years,2
BRDT0003,WL1665 Expandable Dressing Table Set With Chair-White,https://www.furnituredirect.com.my/wp-content/uploads/2023/08/1665-1.jpg,Bedroom,Dressing table,WANG LIN,L80-115 x D40 x H140cm,90kg,White,Solid MDF and solid wood,China,2024-12-17,10,RM1623.00,0.1,3 years,1
BRDT0004,TIARA Multi Storage Compartment Dressing Table With Stool-Walnut,https://www.furnituredirect.com.my/wp-content/uploads/2022/08/Tiara-dressing-walnut-3.jpg,Bedroom,Dressing table,INFINITE,W71 x D35.7 x H167cm,80kg,Walnut,Particle board,Malaysia,2024-12-17,10,RM1608.00,0.1,3 years,3
BRDT0005,LANNA Mirror Dressing Table With Stool-Oak,https://www.furnituredirect.com.my/wp-content/uploads/2022/07/Lanna-dressing-table-oak.jpg,Bedroom,Dressing table,CKE, L100 x W45 x H75 cm,50kg,Oak,Full 15mm particle board,Malaysia,2024-12-17,10,RM750.00,0.1,3 years,3
LRSF0001,NEVSKY Anti Scratch Microfiber Fabric Sofa-Navy Blue,https://www.furnituredirect.com.my/wp-content/uploads/2024/12/NIDDY-SOFA-NAVY-2-1.jpg,Living room,Sofa,GUB,L233 x D150 x H98cm,80kg,Navy Blue,Anti scratch Microfiber Fabric,Malaysia,2024-12-17,10,RM3597.00,0.1,3 years,5
LRSF0002,SERAPHINA 3 Seater USB Charging Sofa-Black,https://www.furnituredirect.com.my/wp-content/uploads/2024/10/SERAPHINA-SOFA-23.jpg,Living room,Sofa,FURNITURE DIRECT,L203 x D91 x H91cm,80kg,Black,Water repellent sofa fabric,Malaysia,2024-12-17,10,RM1914.00,0.1,3 years,6
LRSF0003,CRISTEN 3 Seater L Shaped With Cup Holder Pet Friendly Sofa-Beige,https://www.furnituredirect.com.my/wp-content/uploads/2024/09/CRISTEN-SOFA-15.jpg,Living room,Sofa,SUNNY,L246 x D150/86 x H94cm,"",Beige,Pet friendly Fabric,Malaysia,2024-12-17,10,RM3240.00,0.1,3 years,3
LRSF0004,RUBY 3 Seater Sofa-Light Walnut,https://www.furnituredirect.com.my/wp-content/uploads/2024/08/e3ad1525d00d523b9771cfc635721947_1696566716.jpeg,Living room,Sofa,MOOD,L161 x D76 x H85cm,55kg,Light Walnut,Solid wood frame with fabric cushion,Malaysia,2024-12-17,10,RM1557.00,0.1,3 years,5
LRSF0005,VERTIGO Curved Shaped Sofa-Grey Fleece,https://www.furnituredirect.com.my/wp-content/uploads/2024/07/VERTIGO-SOFA-4.jpg,Living room,Sofa,RELAX,L282 x D118 x H89cm,76.1kg,Grey,Solid wood frame with high density foam,Malaysia,2024-12-17,10,RM5340.00,0.1,3 years,2
LRCT0001,CT 935 Marble Top Coffee Table,https://www.furnituredirect.com.my/wp-content/uploads/2024/10/CT-931.jpg,Living room,Coffee table,WLS,D90 x H40cm,60kg,Gold,Gold Plated Stainless Steel With Marble Top,China,2024-12-17,10,RM2163.00,0.1,3 years,3
LRCT0002,ALESANA 120cm Rattan Door Coffee Table-Oak,https://www.furnituredirect.com.my/wp-content/uploads/2024/09/ALESANA-COFEE-TABLE.jpg,Living room,Coffee table,GUB,L120 x W60 x H45cm,30kg,Oak,Particle board material,Malaysia,2024-12-17,10,RM537.00,0.1,3 years,8
LRCT0003,MAYA 90x45cm Coffee Table-White,https://www.furnituredirect.com.my/wp-content/uploads/2024/08/MAYA-CT-WHITE-3.jpg,Living room,Coffee table,FLEX,L90 x D45 x H42cm,20kg,White,Full 15mm particle board,Malaysia,2024-12-17,10,RM177.00,0.1,3 years,2
LRCT0004,DAYTON 120cm Coffee Table,https://www.furnituredirect.com.my/wp-content/uploads/2024/08/DAYTON-21.jpg,Living room,Coffee table,RELAX,W120 x W60 x H45cm,35kg,Black,Particle board material,Malaysia,2024-12-17,10,RM570.00,0.1,3 years,3
LRCT0005,LATINA Glass Top Coffee Table-Walnut,https://www.furnituredirect.com.my/wp-content/uploads/2024/05/LATINA-COFFEE-TABLE.jpg,Living room,Coffee table,FIORI,L120 x D70 x H40cm,30kg,Walnut,8mm thickness tempered glass,Malaysia,2024-12-17,10,RM1620.00,0.1,3 years,9
LRCN0001,DOLE 8 Cube Display Cabinet-White,https://www.furnituredirect.com.my/wp-content/uploads/2024/06/DOLE-BOOKCASE-5.jpg,Living room,Cabinet,Sleek Living,W80 x D37 x H155cm,40kg,White,Particle board material,Malaysia,2024-12-17,10,RM474.00,0.1,3 years,5
LRCN0002,MIYA31 RELAX MDF Material Display Cabinet-White,https://www.furnituredirect.com.my/wp-content/uploads/2021/04/miya31.jpg,Living room,Cabinet,RELAX,L775 x W47.5 x H191.5 cm,80kg,White,Solid MDF with painted finishing,Malaysia,2024-12-17,10,RM2100.00,0.1,3 years,2
LRCN0003,RUTA 2 Door Storage Cabinet-Dark Brown,https://www.furnituredirect.com.my/wp-content/uploads/2023/08/RUTA-BS02-0018-1.jpg,Living room,Cabinet,FLEX,W80 x D30 x H117cm,40kg,Dark Brown,Particle board material,Malaysia,2024-12-17,10,RM297.00,0.1,3 years,3
LRCN0004,QUISHA Melamine 2 Glass Door Filling Cabinet With Key Lock-White,https://www.furnituredirect.com.my/wp-content/uploads/2024/12/PICTURESQUISHA-GLASS-YGD21.jpg,Living room,Cabinet,VC Office,W80 x D40 x H211cm,"",White,Full melamine board,Malaysia,2024-12-17,10,RM1849.00,0.1,3 years,9
LRCN0005,ROXANNE 2 Door Acrylic Door Storage Cabinet-Oak,https://www.furnituredirect.com.my/wp-content/uploads/2024/12/Roxanne-2D-BASE-3.jpg,Living room,Cabinet,FLEX,W80 x D50 x H90cm,45kg,Oak,Particle board material,Malaysia,2024-12-17,10,RM471.00,0.1,3 years,4
LRTV0001,HABID 120cm TV Cabinet,https://www.furnituredirect.com.my/wp-content/uploads/2024/11/HABID-4FT-1.jpg,Living room,TV cabinet,ELVINA HOME,L120 x D34 x H48cm,45kg,Walnut,Particle board material,Malaysia,2024-12-17,10,RM329.00,0.1,3 years,7
LRTV0002,HAMPTON 150cm TV Cabinet-Black,https://www.furnituredirect.com.my/wp-content/uploads/2024/08/335065.jpg,Living room,TV cabinet,MUSE DESIGN,L150 x D45 x H50cm,45kg,Black,MDF with oak veneer lamination,Malaysia,2024-12-17,10,RM2052.00,0.1,3 years,7
LRTV0003,CARSON 180cm TV Cabinet,https://www.furnituredirect.com.my/wp-content/uploads/2024/08/CARSON-01.jpg,Living room,TV cabinet,RELAX,L180 x W40 x H55cm,50kg,"",Particle board material,Malaysia,2024-12-17,10,RM795.00,0.1,3 years,8
LRTV0004,ADEN 150cm TV Cabinet-White,https://www.furnituredirect.com.my/wp-content/uploads/2024/07/ADEN-150CM-1.jpg,Living room,TV cabinet,ELVINA HOME,L150 x D40 x H64cm,55kg,White,Particle board material,Malaysia,2024-12-17,10,RM750.00,0.1,3 years,6
LRTV0005,LUCENA 180cm Full Mirror TV Cabinet-Silver,https://www.furnituredirect.com.my/wp-content/uploads/2024/04/TV-YD10.jpg,Living room,TV cabinet,FIORI,L180 x D40 x H61cm,120kg,Silver,Full mirror with diamond features,Malaysia,2024-12-17,10,RM4320.00,0.1,3 years,3
LRRC0001,FENELLA Push Back Recliner With Cup Holder-Grey,https://www.furnituredirect.com.my/wp-content/uploads/2024/09/PICTURES-Fenella-RECLINER.jpg,Living room,Recliner,ELK,W80 x D93 x H96cm,50kg,Grey,Solid wood frame with velvet fabric,China,2024-12-17,10,RM1797.00,0.1,3 years,7
LRRC0002,ROSA Push Back Fabric Recliner-Light Grey,https://www.furnituredirect.com.my/wp-content/uploads/2024/09/ROSA-RECLINER-1.jpg,Living room,Recliner,ELK,L155 x W86 x H64cm,55kg,Grey,Solid wood frame with linen fabric,China,2024-12-17,10,RM1347.00,0.1,3 years,5
LRRC0003,FLEUR Manual Recliner Sofa-Rustic Brown,https://www.furnituredirect.com.my/wp-content/uploads/2023/10/RC-60018-FLEUR-1.jpg,Living room,Recliner,WLS,W92 x D94 x H102cm,60kg,Rustic Brown,Easy clean synthetic fabric,China,2024-12-17,10,RM2235.00,0.1,3 years,4
LRRC0004,YUSRA Velvet Fabric Recliner Sofa-Dark Grey,https://www.furnituredirect.com.my/wp-content/uploads/2023/10/RC-2005-YUSRA-1.jpg,Living room,Recliner,WLS,W79 x D76 x H105cm,60kg,Dark Grey,Soft velvet fabric,China,2024-12-17,10,RM2050.00,0.1,3 years,2
LRRC0005,RC21561 Fabric Recliner Sofa-Khaki,https://www.furnituredirect.com.my/wp-content/uploads/2022/08/WhatsApp-Image-2022-08-07-at-8.19.45-PM-copy-2.jpg,Living room,Recliner,WLS,L81 x W94 x H99cm,80kg,Khaki,Khaki Fabric,Malaysia,2024-12-17,10,RM1790.00,0.1,3 years,4
LRPO0001,PHOBE D87cm Pouf-Grey,https://www.furnituredirect.com.my/wp-content/uploads/2024/05/236107-1500x1500-1.jpg,Living room,Pouf,MUSE DESIGN,D87 x H45cm,30kg,Grey,Solid wood frame with velvet fabric,Malaysia,2024-12-17,10,RM1425.00,0.1,3 years,6
LRPO0002,AURORA Round Stool-Beige,https://www.furnituredirect.com.my/wp-content/uploads/2023/08/236105-1500x1500-1.jpg,Living room,Pouf,MUSE DESIGN,Dia 37 x H44cm,15kg,Beige,Soft Moleen Fabric,Malaysia,2024-12-17,10,RM513.00,0.1,3 years,2
LRPO0003,HEDY Fleece Fabric Pouf-White,https://www.furnituredirect.com.my/wp-content/uploads/2024/06/236111_1-1500x1500-1.jpg,Living room,Pouf,MUSE DESIGN,W51 x D51 x H46cm,15kg,White,Fleece fabric with bent wood base,Malaysia,2024-12-17,10,RM513.00,0.1,3 years,3
LRPO0004,PANAMA 2 Seater Pouf-Black,https://www.furnituredirect.com.my/wp-content/uploads/2024/10/PANAMA-POUF-BLACK-5.jpg,Living room,Pouf,KIAN,L100 x D62 x H42cm,25kg,Black,PU material,Malaysia,2024-12-17,10,RM1407.00,0.1,3 years,4
LRPO0005,SATURN D58CM Challis Fabric Round Stool Pouf-Pink,https://www.furnituredirect.com.my/wp-content/uploads/2023/01/236003-1.jpg,Living room,Pouf,LUOOMA,L60 × D60 × H40 cm,20kg,Pink,Polyurethane foam,Malaysia,2024-12-17,10,RM1197.00,0.1,3 years,9
LRLC0001,RIMINI 1 Seater Sofa-Beige Fleece,https://www.furnituredirect.com.my/wp-content/uploads/2024/05/REMINI-RELAX-CHAIR-7.jpg,Living room,Lounge chair,CKE,L87 x D73 x H75cm,40kg,Beige Fleece,Solid wood frame with fleece fabric,Malaysia,2024-12-17,10,RM1188.00,0.1,3 years,5
LRLC0002,GARREN Lounge Chair-Grey,https://www.furnituredirect.com.my/wp-content/uploads/2024/08/RC-51009-781.jpg,Living room,Lounge chair,RELAX,W75 x D75 x H78cm,30kg,Grey,Solid wood frame with linen fabric,Malaysia,2024-12-17,10,RM1125.00,0.1,3 years,3
LRLC0003,ARONAS Lounge Chair-Merlot,https://www.furnituredirect.com.my/wp-content/uploads/2024/08/RC-51020-955.jpg,Living room,Lounge chair,RELAX,W73 x D84 x H104cm,30kg,Merlot,Solid wood frame with velvet fabric,Malaysia,2024-12-17,10,RM855.00,0.1,3 years,2
LRLC0004,COLEEN Metal Frame Lounge Chair-Beige,https://www.furnituredirect.com.my/wp-content/uploads/2024/04/COLEEN-LOUNGE-CHAIR-2.jpg,Living room,Lounge chair,GUB,W74 x D83 x H74cm,50kg,Beige,Metal frame with solid wood arm rest,Malaysia,2024-12-17,10,RM1197.00,0.1,3 years,3
LRLC0005,LUCIAN Lounge Chair-Blue,https://www.furnituredirect.com.my/wp-content/uploads/2024/02/231196-1500x1500-1-1024x1024.jpeg,Living room,Lounge chair,FYND,H83 x W74 x D73cm,40kg,Blue,Veloutine fabric,Malaysia,2024-12-17,10,RM1080.00,0.1,3 years,6
KCBC0001,LUNA 2 Doors Base Kitchen Storage Cabinet-White,https://www.furnituredirect.com.my/wp-content/uploads/2022/06/LUNA-2-door-base-cabinet-2.jpg,Kitchen,Base cabinet,Loft Living, W80 x D40 x H90cm,50kg,White,Particle board,Malaysia,2024-12-17,10,RM350.00,0.1,3 years,3
KCBC0002,FREY 120cm Mosaic Top High Kitchen Cabinet-Sonoma Dark,https://www.furnituredirect.com.my/wp-content/uploads/2024/07/364008_2-1500x1500-1-1024x1024.jpg,Kitchen,Base cabinet,HOOM,L120 x D40 x H193cm,85kg,Walnut,Particle board material with Mosaic Table top,Malaysia,2024-12-17,10,RM912.00,0.1,3 years,2
KCBC0003,EVA Standing Kitchen Cabinet-Walnut,https://www.furnituredirect.com.my/wp-content/uploads/2024/03/EVA-ZION-1.jpg,Kitchen,Base cabinet,ELVINA HOME,W40 x D40 x H200cm,55kg,Walnut,Particle board,Malaysia,2024-12-17,10,RM525.00,0.1,3 years,3
KCBC0004,MERITUS Compact Size Kitchen Cabinet-White,https://www.furnituredirect.com.my/wp-content/uploads/2021/06/Untitled-1-76.jpg,Kitchen,Base cabinet,TA Design,H180 x L60.6 x W40cm,50kg,White,Particle board,Malaysia,2024-12-17,10,RM635.00,0.1,3 years,4
KCBC0005,MARTINA 3 Door 1 Drawer Melamine Top Kitchen Cabinet-White,https://www.furnituredirect.com.my/wp-content/uploads/2022/08/180402.jpg,Kitchen,Base cabinet,FURNITURE DIRECT,L120 x D40 x H90cm,50kg,White,Particle board,Malaysia,2024-12-17,10,RM544.50,0.1,3 years,1
KCWC0001,MIYA 125 Kitchen Cabinet-White,https://www.furnituredirect.com.my/wp-content/uploads/2022/02/Miya-125.jpg,Kitchen,Wall cabinet,RELAX,L77.5xW34.5xH61.5cm,35kg,White,Mdf with Paint Finish,Malaysia,2024-12-17,10,RM1050.00,0.1,3 years,2
KCWC0002,MIYA 126 Kitchen Cabinet-White,https://www.furnituredirect.com.my/wp-content/uploads/2022/02/Miya-126.jpg,Kitchen,Wall cabinet,RELAX,L114xW34.5xH61.5cm,40kg,White,Mdf with Paint Finish,Malaysia,2024-12-17,10,RM1290.00,0.1,3 years,7
KCWC0003,MIYA 127 Kitchen Cabinet-White,https://www.furnituredirect.com.my/wp-content/uploads/2022/02/Miya-127.jpg,Kitchen,Wall cabinet,RELAX,L150.5xW34.5xH61.5cm,45kg,White,Mdf with Paint Finish,Malaysia,2024-12-17,10,RM1560.00,0.1,3 years,2
KCWC0004,MIYA 128 Kitchen Cabinet-White,https://www.furnituredirect.com.my/wp-content/uploads/2022/02/Miya-128.jpg,Kitchen,Wall cabinet,RELAX,L66.5xW34.5xH61.5cm,35kg,White,Mdf with Paint Finish,Malaysia,2024-12-17,10,RM1350.00,0.1,3 years,3
KCWC0005,MIYA 131 Kitchen Cabinet-White,https://www.furnituredirect.com.my/wp-content/uploads/2022/02/Miya-131.jpg,Kitchen,Wall cabinet,RELAX,L84.5xW59.5xH82.5cm,35kg,White,Mdf with Paint Finish,Malaysia,2024-12-17,10,RM1485.00,0.1,3 years,9
KCWR0001,HUDSON Sliding Door Wine Cabinet-Walnut,https://www.furnituredirect.com.my/wp-content/uploads/2024/01/17-2-optimized-copy.jpg,Kitchen,Wine rack,MOOD,L100 x W39 x H88cm,60kg,White,Particle board with Solid wood frame,Malaysia,2024-12-17,10,RM1107.00,0.1,3 years,2
KCWR0002,HUTTEN 9-bottle wine rack,https://www.ikea.com/my/en/images/products/hutten-9-bottle-wine-rack-solid-wood__0711110_pe727966_s5.jpg?f=xl,Kitchen,Wine rack,HUTTEN,W33 x D30 x H34cm,1.55kg,Brown,Solid wood,Malaysia,2024-12-17,10,RM55.00,0.1,3 years,1
KCWR0003,TORNVIKEN Wine shelf,https://www.ikea.com/my/en/images/products/tornviken-wine-shelf-grey__0593892_pe675425_s5.jpg?f=xl,Kitchen,Wine rack,IKEA,W40 x D36 x H40cm,1.60kg,Grey,Fibreboard,Malaysia,2024-12-17,10,RM329.00,0.1,3 years,5
KCWR0004,OMAR Bottle shelf,https://www.ikea.com/my/en/images/products/omar-bottle-shelf-galvanised__0650974_pe706615_s5.jpg?f=xl,Kitchen,Wine rack,IKEA,W46 x D36 x H94cm,4kg,White,Steel,Malaysia,2024-12-17,10,RM150.00,0.1,3 years,6
KCWR0005,VADHOLMA Wine shelf,https://www.ikea.com/my/en/images/products/vadholma-wine-shelf-brown-stained-ash__0551834_pe658804_s5.jpg?f=xl,Kitchen,Wine rack,IKEA,W40x D37 x H40cm,1.55kg,Brown,Particle board,Malaysia,2024-12-17,10,RM299.00,0.1,3 years,8
KCPR0001,OSTBIT Plate holder,https://www.ikea.com/my/en/images/products/ostbit-plate-holder-bamboo__0406313_pe569286_s5.jpg?f=xl,Kitchen,Plate rack,IKEA,W12 x L27.5 x  H8.5cm,0.30kg,Brown,Bamboo,Malaysia,2024-12-17,10,RM9.00,0.1,3 years,6
KCPR0002,RINNIG Kitchen utility rack,https://www.ikea.com/my/en/images/products/rinnig-kitchen-ut-rck-plate-hldr-dsh-drnr__0772257_pe755915_s5.jpg?f=xl,Kitchen,Plate rack,IKEA,W31 x L40 x  H3cm,0.39kg,Black,Polypropylene plastic,Malaysia,2024-12-17,10,RM45.00,0.1,3 years,9
KCPR0003,RINNIG Plate holder,https://www.ikea.com/my/en/images/products/rinnig-plate-holder__0712690_pe728975_s5.jpg?f=xl,Kitchen,Plate rack,IKEA,W9 x L28 x  85cm,0.20kg,Black,Steel and polyamide plastic,Malaysia,2024-12-17,10,RM15.00,0.1,3 years,5
KCPR0004,TORNVIKEN Plate shelf,https://www.ikea.com/my/en/images/products/tornviken-plate-shelf-grey__0627444_pe693394_s5.jpg?f=xl,Kitchen,Plate rack,IKEA,W80 x D20 x  H100cm,10.00kg,Grey,Fibreboard,Malaysia,2024-12-17,10,RM399.00,0.1,3 years,4
KCPR0005,UPPDATERA Plate holder,https://www.ikea.com/my/en/images/products/uppdatera-plate-holder-anthracite__1054489_pe847712_s5.jpg?f=xl,Kitchen,Plate rack,IKEA,W29.9 x D23 x  H14.5cm,0.3KG,Black,Steel,Malaysia,2024-12-17,10,RM49.00,0.1,3 years,6
KCKC0001,Conner Waterproof Top Kitchen Cart Trolley-Grey,https://www.furnituredirect.com.my/wp-content/uploads/2023/12/Conner-TD-456NT-2.jpg,Kitchen,Kitchen cart,IZABELA,L100 x W45 x H89cm,45kg,Grey,Particle board with Hot Press waterproof top,Malaysia,2024-12-17,10,RM1194.00,0.1,3 years,8
KCKC0002,MARCUS Solid Wood Kitchen Cart Trolley-Sky Blue,https://www.furnituredirect.com.my/wp-content/uploads/2024/01/RT-586-4-scaled.jpg,Kitchen,Kitchen cart,MOOD,L89 x W48 x H90cm,60kg,Sky blue,Solid rubberwood with MDF painted finish,Malaysia,2024-12-17,10,RM1494.00,0.1,3 years,5
KCKC0003,TAYLIA Solid Wood Kitchen Cart Trolley-Mint Green,https://www.furnituredirect.com.my/wp-content/uploads/2024/01/RT-674-1-scaled.jpg,Kitchen,Kitchen cart,MOOD,L64 x W42 x H89cm,60kg,Mint green,Solid rubberwood with MDF painted finish,Malaysia,2024-12-17,10,RM1140.00,0.1,3 years,2
KCKC0004,DEMI Kitchen Trolley Cart-White,https://www.furnituredirect.com.my/wp-content/uploads/2023/11/DEMI-SV14-0056-2.jpg,Kitchen,Kitchen cart,FLEX,W84 x D45 x H85cm,30kg,White,Particle board,Malaysia,2024-12-17,10,RM537.00,0.1,3 years,3
KCKC0005,CARTA Wooden Kitchen Cart Trolley With Wine Storage,https://www.furnituredirect.com.my/wp-content/uploads/2020/10/carta-kitchen-cart-2.jpg,Kitchen,Kitchen cart,GUB,L86 x D52 x H89cm,36kg,White,Heavy duty casters,Malaysia,2024-12-17,10,RM419.00,0.1,3 years,1
DRDT0001,KAREN 180x100cm Dining Table-Oak,https://www.furnituredirect.com.my/wp-content/uploads/2024/10/146140_1-1500x1500-1.jpg,Dining room,Dining table,MUSE DESIGN,L180 x D100 x H75cm,65kg,Oak,MDF with oak veneer thicker table top,Malaysia,2024-12-17,10,RM2598.00,0.1,3 years,5
DRDT0002,TYRA Full Solid 210x110cm Dining Table-Walnut,https://www.furnituredirect.com.my/wp-content/uploads/2024/10/TYRA-TABLE-WALNUT-2.jpg,Dining room,Dining table,GUB,L210 x W110 x H75cm,120kg,Walnut,Full solid rubberwood material,Malaysia,2024-12-17,10,RM2097.00,0.1,3 years,6
DRDT0003,H234 180x90cm Crystal Marble Dining table-Walnut,https://www.furnituredirect.com.my/wp-content/uploads/2024/04/DT-H234-1.jpg,Dining room,Dining table,FIORI,L180 x W90 x H76cm,120kg,Walnut,Crystal marble table top with gold chrome base,China,2024-12-17,10,RM6480.00,0.1,3 years,8
DRDT0004,CONNOR 180cm Oval Shaped Dining Table-Walnut,https://www.furnituredirect.com.my/wp-content/uploads/2024/04/146111_1-1500x1500-1.jpg,Dining room,Dining table,MUSE DESIGN,L180 x W110 x H75cm,80kg,Walnut,MDF table top with Crown cut pattern wood veneer,Malaysia,2024-12-17,10,RM2223.00,0.1,3 years,9
DRDT0005,ELSIE 180x86CM Ceramic Top Table-Silver,https://www.furnituredirect.com.my/wp-content/uploads/2023/07/AHDC109-1.jpg,Dining room,Dining table,WLS,L180 x W86 x H75cm,100kg,Silver,"Table top in glossy ceramic top, Table base in Stainless steel with electroplated silver clear finis",China,2024-12-17,10,RM2095.00,0.1,3 years,9
DRDC0001,KODE Dining Chair-Natural,https://www.furnituredirect.com.my/wp-content/uploads/2024/10/PICTURES-241611.jpg,Dining room,Dining chair,MUSE DESIGN,W44 x D52 x H79cm,15kg,Natural,Solid rubberwood frame with Solid bent wood seat,Malaysia,2024-12-17,10,RM456.00,0.1,3 years,7
DRDC0002,LOWEN Dining Chair-Light Grey Seat,https://www.furnituredirect.com.my/wp-content/uploads/2024/09/241581-1500x1500-1.jpg,Dining room,Dining chair,MUSE DESIGN,W44 x D45 x H76cm,10kg,Light Grey,Solid rubberwood frame with bent wood back rest,Malaysia,2024-12-17,10,RM570.00,0.1,3 years,5
DRDC0003,MOSELLE Dining Chair-Grey,https://www.furnituredirect.com.my/wp-content/uploads/2024/08/MOSELLE-LGREY-7.jpg,Dining room,Dining chair,LINKS FURNITURE,W40 x D47 x H80cm,35kg,Grey,Metal frame with PVC cushion,Malaysia,2024-12-17,10,RM240.00,0.1,3 years,2
DRDC0004,CAREN Solid Wood Arm Chair-Cocoa,https://www.furnituredirect.com.my/wp-content/uploads/2024/06/241569-1500x1500-1.jpg,Dining room,Dining chair,MUSE DESIGN,W52 x D51 x H77cm,30kg,Cocoa,Full solid rubberwood material,Malaysia,2024-12-17,10,RM489.00,0.1,3 years,6
DRDC0005,KAIRA Solid Wood Dining Chair-natural,https://www.furnituredirect.com.my/wp-content/uploads/2024/06/241593-1500x1500-1.jpg,Dining room,Dining chair,MUSE DESIGN,W51 x D51 x H81cm,30kg,Natural,Solid rubberwood material,Malaysia,2024-12-17,10,RM609.00,0.1,3 years,8
DRBS0001,PANTHER 29″ Bar Chair-Grey,https://www.furnituredirect.com.my/wp-content/uploads/2023/09/PANTHER-29-BARSTOOL-1.jpg,Dining room,Bar Stool,KIAN,W51 x D55 x H109cm,12kg,Grey,Soft linen fabric with high density foam,China,2024-12-17,10,RM807.00,0.1,3 years,2
DRBS0002,PAULA 29″ Solid Wood Stool-White,https://www.furnituredirect.com.my/wp-content/uploads/2023/02/Product-PAULA-29-STOOL.jpg,Dining room,Bar Stool,NEXT,W32 x D32 x H74cm,20kg,White,Solid rubberwood material,Malaysia,2024-12-17,10,RM162.00,0.1,3 years,3
DRBS0003,MISHA Bar Chair-Black,https://www.furnituredirect.com.my/wp-content/uploads/2021/10/BS414-BALCK.jpg,Dining room,Bar Stool,FIORI,W46.5 x D45 x H75cm,30kg,Black,ABS Seat,Malaysia,2024-12-17,10,RM490.00,0.1,3 years,6
DRBS0004,BRUCE PP Seat With Metal Frame Bar Chair-White,https://www.furnituredirect.com.my/wp-content/uploads/2021/01/White-1.jpg,Dining room,Bar Stool,FIORI,L52 x D55 x H108cm,40kg,White,Polypropylene (PP) seat & backrest with powder coated metal frame,Malaysia,2024-12-17,10,RM750.00,0.1,3 years,4
DRBS0005,ARIEL Velvet Fabric Bar Chair With Gold Chrome Legs-Blue,https://www.furnituredirect.com.my/wp-content/uploads/2021/01/ARIEL-BLUE.jpeg,Dining room,Bar Stool,FIORI,L52 x D52 x H96cm,50kg,Sky Blue,Velvet uph cushion with gold color chrome frame.,Malaysia,2024-12-17,10,RM1200.00,0.1,3 years,2
DRBT0001,HOVER Bar Table-Black,https://www.furnituredirect.com.my/wp-content/uploads/2024/08/LODIE-BAR-TABLE.jpg,Dining room,Bar Table,RELAX,L143 x W80 x H198cm,80kg,Black,MDF board with particle board,Malaysia,2024-12-17,10,RM2100.00,0.1,3 years,3
DRBT0002,JARVIS 120cm Bar Table-Wenge,https://www.furnituredirect.com.my/wp-content/uploads/2022/01/ADS-POST-JARVIS-BAR-TABLE-.jpg,Dining room,Bar Table,RELAX,L120 x W60 x H105.5,50kg,Dark Wenge,"Wooden, lacquered Boxes, Melamine, Solid Rubberwood",Malaysia,2024-12-17,10,RM550.00,0.1,3 years,8
DRBT0003,TORES Solid Acacia Wood Bar Table,https://www.furnituredirect.com.my/wp-content/uploads/2024/08/144030-BAR-TABLE.jpg,Dining room,Bar Table,MUSE DESIGN,W140 x D52 x H105cm,65kg,"",Solid acacia wood material,Malaysia,2024-12-17,10,RM4788.00,0.1,3 years,9
DRBT0004,TERLTON Bar Table-White,https://www.furnituredirect.com.my/wp-content/uploads/2024/08/TERLTON-BAR-TABLE-WHITE.jpg,Dining room,Bar Table,RELAX,L168 x D60 x H200cm,150kg,White,"MDF and particle board material, Tempered glass table top",China,2024-12-17,10,RM3900.00,0.1,3 years,5
DRBT0005,BENSON 120x75cm Bar Counter Table-Chestnut,https://www.furnituredirect.com.my/wp-content/uploads/2023/10/144082_1-1500x1500-1.jpg,Dining room,Bar Table,MUSE DESIGN,W120 x D75 x H88cm,25kg,Chestnut,Solid rubberwood legs with MDF veneer top,Malaysia,2024-12-17,10,RM564.00,0.1,3 years,2
DRSB0001,LANTA 135cm 4 Door Sideboard-Grey,https://www.furnituredirect.com.my/wp-content/uploads/2024/10/CKE-54-SB-GREY.jpg,Dining room,Sideboard,CKE,L135 x D41 x H90cm,60kg,Grey,Marble looks melamine table top,Malaysia,2024-12-17,10,RM1494.00,0.1,3 years,6
DRSB0002,AUNNIKA 140cm LED Sideboard-Black White,https://www.furnituredirect.com.my/wp-content/uploads/2024/09/SBC0044.jpg,Dining room,Sideboard,WLS,W140 x D40 x H95cm,65kg,Black White,Waterproof and scratch proof sintered stone table top,Malaysia,2024-12-17,10,RM1860.00,0.1,3 years,8
DRSB0003,DESSER 150cm Rattan Door Sideboard-Oak,https://www.furnituredirect.com.my/wp-content/uploads/2024/08/345066_3-1500x1500-1.jpg,Dining room,Sideboard,MUSE DESIGN,L150 x D40 x H71cm,45kg,Oak,Lamination board with solid wood legs,China,2024-12-17,10,RM1240.00,0.1,3 years,6
DRSB0004,ARCHI 120cm Sideboard-Walnut,https://www.furnituredirect.com.my/wp-content/uploads/2024/08/ARCH-111.jpg,Dining room,Sideboard,RELAX,L120 x W40 x H99cm,60kg,Walnut,Particle board material,Malaysia,2024-12-17,10,RM825.00,0.1,3 years,3
DRSB0005,MARIE 2 Door 3 Drawers Sideboard-White,https://www.furnituredirect.com.my/wp-content/uploads/2024/02/MARIE-SIDEBOARD-3.jpg,Dining room,Sideboard,BW Furniture,L120 x D40 x H82cm,45kg,White,Full particle board material,Malaysia,2024-12-17,10,RM747.00,0.1,3 years,2
WSDE0001,A151 80x35cm compact size study desk-Walnut,https://www.furnituredirect.com.my/wp-content/uploads/2024/11/A151-WALNUT-1.jpg,Work/study room,Desk,FURNITURE DIRECT LOFT,L80 x W34 x H70cm,18kg,Walnut,Paper lamination table top and steel frame,Malaysia,2024-12-17,10,RM150.00,0.1,3 years,3
WSDE0002,LUDLOW 120cm 2 Sliding Door Study Desk-White Wash,https://www.furnituredirect.com.my/wp-content/uploads/2024/09/123037_3-1500x1500-1.jpg,Work/study room,Desk,MUSE DESIGN,L119 x D59 x H78cm,45kg,White,Solid rubberwood with oak veneer,Malaysia,2024-12-17,10,RM2280.00,0.1,3 years,9
WSDE0003,BREDA 110cm Melamine Top Study Desk-Cocoa,https://www.furnituredirect.com.my/wp-content/uploads/2024/09/123036_2-1500x1500-1.jpg,Work/study room,Desk,MUSE DESIGN,L110 x W50 x H78cm,45kg,Cocoa,"MDF,and solid rubberwood",Malaysia,2024-12-17,10,RM1410.00,0.1,3 years,6
WSDE0004,COLUMBIA 120cm Study Desk-Walnut,https://www.furnituredirect.com.my/wp-content/uploads/2024/08/COLUMBIA-71.jpg,Work/study room,Desk,RELAX,L120 x D60 x H76cm,40kg,Walnut,Particle board,CHINA,2024-12-17,10,RM855.00,0.1,3 years,6
WSDE0005,THETA 120cm Study Desk-Oak,https://www.furnituredirect.com.my/wp-content/uploads/2024/07/ZSD-800032.jpg,Work/study room,Desk,RELAX,L120 x D60 x H75cm,35kg,Oak,Particle board with metal frame,CHINA,2024-12-17,10,RM855.00,0.1,3 years,7
WSCH0001,MILLBERGET Swivel chair,https://www.ikea.com/my/en/images/products/millberget-swivel-chair-murum-beige__1020141_pe831795_s5.jpg?f=xl,Work/study room,Chair,IKEA,W70 x D70 x H123cm,19kg,Beige,Polyurethane foam and steel ,Malaysia,2024-12-17,10,RM399.00,0.1,3 years,9
WSCH0002,MATCHSPEL Gaming chair,https://www.ikea.com/my/en/images/products/matchspel-gaming-chair-bomstad-light-grey__1248931_pe923288_s5.jpg?f=xl,Work/study room,Chair,IKEA,W66 x D66 x H132cm,18kg,Grey,Polyurethane foam and steel ,Malaysia,2024-12-17,10,RM699.00,0.1,3 years,5
WSCH0003,FLINTAN Office chair,https://www.ikea.com/my/en/images/products/flintan-office-chair-black__1007236_pe825956_s5.jpg?f=xl,Work/study room,Chair,IKEA,W46 x D71 x H114cm,14kg,Black,Polyurethane foam and steel ,Malaysia,2024-12-17,10,RM249.00,0.1,3 years,7
WSCH0004,LIDKULLEN Active sit,https://www.ikea.com/my/en/images/products/lidkullen-active-sit-stand-support-gunnared-beige__0771305_pe755686_s5.jpg?f=xl,Work/study room,Chair,IKEA,W60 x D60 x 59cm,10kg,White,Polyurethane foam and steel ,Malaysia,2024-12-17,10,RM399.00,0.1,3 years,5
WSCH0005,UTESPELARE Gaming chair,https://www.ikea.com/my/en/images/products/utespelare-gaming-chair-bomstad-black__0984819_pe816424_s5.jpg?f=xl,Work/study room,Chair,IKEA,W70 x D64 x H128cm,17kg,Black,Polyurethane foam and steel ,Malaysia,2024-12-17,10,RM499.00,0.1,3 years,2
WSBC0001,MILEY Ladder Book Shelf-Cocoa,https://www.furnituredirect.com.my/wp-content/uploads/2023/06/522041_1-1500x1500-1.jpg,Work/study room,Bookcase,HOUZ,H189xW66xD35cm,16kg,Cocoa,MDF frame,Malaysia,2024-12-17,10,RM999.00,0.1,3 years,3
WSBC0002,HARRIS 120CM Divider Book Shelf-White,https://www.furnituredirect.com.my/wp-content/uploads/2023/06/HARRIS-DIVIDER-2.jpg,Work/study room,Bookcase,FLEX,L120 x D30 x H180cm,50kg,White,Particle board,Malaysia,2024-12-17,10,RM405.00,0.1,3 years,1
WSBC0003,SIMON Metal Legs Bookcase-Walnut,https://www.furnituredirect.com.my/wp-content/uploads/2022/11/522045_1-1500x1500-1.jpg,Work/study room,Bookcase,HOOM,H194xW80xD30cm,75kg,Walnut,Engineered wood and metal,Malaysia,2024-12-17,10,RM630.00,0.1,3 years,2
WSBC0004,TERRY 4 Tier Metal Frame Book Shelf-Black,https://www.furnituredirect.com.my/wp-content/uploads/2022/09/TERRY-3-TIER-BOOK-SHELF-BLACK-3.jpg,Work/study room,Bookcase,KS,W60 x D34 x H133cm,30kg,Black,Metal Frame With Particle Board Material,Malaysia,2024-12-17,10,RM420.00,0.1,3 years,3
WSBC0005,ROCKY 4 Tier Metal Frame Book Shelf-White,https://www.furnituredirect.com.my/wp-content/uploads/2021/10/Rocky-4-tier-bookcase-white.jpg,Work/study room,Bookcase,GUB,L60 x W23 x H133cm,40kg,White,Metal Frame With Particle Board Material,Malaysia,2024-12-17,10,RM507.00,0.1,3 years,8
WSCD0001,N23S Ergonomic Kids Study Desk-Blue,https://www.furnituredirect.com.my/wp-content/uploads/2024/03/N23S-2.png,Work/study room,Children's desk,Youthopia,W120 x D60 x H115cm,120kg,Blue,Metal frame,CHINA,2024-12-17,10,RM2490.00,0.1,3 years,9
WSCD0002,D24S Ergonomic Kids Study Desk-Pink,https://www.furnituredirect.com.my/wp-content/uploads/2024/03/D24S-4.png,Work/study room,Children's desk,Youthopia,W120 x D60 x H115cm,120kg,Pink,Metal frame,CHINA,2024-12-17,10,RM2340.00,0.1,3 years,7
WSCD0003,R22S Ergonomic Kids Study Desk-Blue,https://www.furnituredirect.com.my/wp-content/uploads/2024/03/R22S-2.png,Work/study room,Children's desk,Youthopia,W120 x D60 x H115cm,120kg,Blue,Metal frame,CHINA,2024-12-17,10,RM2640.00,0.1,3 years,5
WSCD0004,D22H Ergonomic Kids Study Desk-White,https://www.furnituredirect.com.my/wp-content/uploads/2024/03/D22H-10.png,Work/study room,Children's desk,Youthopia,W120 x D60 x H115cm,120kg,White,Metal frame,CHINA,2024-12-17,10,RM2280.00,0.1,3 years,9
WSCD0005,N24S Ergonomic Kids Study Desk-White,https://www.furnituredirect.com.my/wp-content/uploads/2024/03/N24S-4.png,Work/study room,Children's desk,Youthopia,W120 x D60 x H115cm,120kg,White,Metal frame,CHINA,2024-12-17,10,RM2550.00,0.1,3 years,7
WSCC0001,VIMUND Children's desk chair,https://www.ikea.com/my/en/images/products/vimund-childrens-desk-chair-turquoise__1185891_pe898595_s5.jpg?f=xl,Work/study room,Children's desk chair,IKEA,W62 x D59 x H51cm,10kg,Blue,Polyurethane foam and steel ,Malaysia,2024-12-17,10,RM299.00,0.1,3 years,8
WSCC0002,LOBERGET SIBBEN Children’s desk chair with pad,https://www.ikea.com/my/en/images/products/loberget-sibben-children-s-desk-chair-with-pad-white-dark-grey__1154433_pe886026_s5.jpg?f=xl,Work/study room,Children's desk chair,IKEA,W56 x D56 x H75cm,5kg,Grey,Polyurethane foam and steel ,Malaysia,2024-12-17,10,RM114.00,0.1,3 years,5
WSCC0003,VALFRED SIBBEN Children's desk chair,https://www.ikea.com/my/en/images/products/valfred-sibben-childrens-desk-chair-white__0826515_pe776394_s5.jpg?f=xl,Work/study room,Children's desk chair,IKEA,W56 x D56 x H78cm,4kg,White,Polyurethane foam and steel ,Malaysia,2024-12-17,10,RM149.00,0.1,3 years,6
WSCC0004,GUNRIK Children's desk chair,https://www.ikea.com/my/en/images/products/gunrik-childrens-desk-chair-yellow__1115636_pe872178_s5.jpg?f=xl,Work/study room,Children's desk chair,IKEA,W58 x D63 x H102cm,17kg,Yellow,Polyurethane foam and steel ,Malaysia,2024-12-17,10,RM599.00,0.1,3 years,2
WSCC0005,OC 678 Kids Ergonomic Study Chair-Blue,https://www.furnituredirect.com.my/wp-content/uploads/2024/07/OC-678-GN-2.jpg,Work/study room,Children's desk chair,IZABELA,W120 x D60 x H115cm,30kg,Blue,PP Plastic material with Mesh fabric,CHINA,2024-12-17,10,RM1110.00,0.1,3 years,6